start_time,guitar,classical,slow,techno,strings,drums,electronic,rock,fast,piano,ambient,beat,violin,vocal,synth,female,indian,opera,male,singing,vocals,no vocals,harpsichord,loud,quiet,flute,woman,male vocal,no vocal,pop,soft,sitar,solo,man,classic,choir,voice,new age,dance,male voice,female vocal,beats,harp,cello,no voice,weird,country,metal,female voice,choral
1.5,0.37877968,0.89758706,0.62293756,0.016714057,0.4461275,0.7944657,0.027222555,0.096897684,0.0050780997,0.0799555,0.28927553,0.30833724,0.6522303,0.97744685,0.016994039,0.91745645,0.4897845,0.9995778,0.99102986,0.9741848,0.95303625,0.01548467,0.1973422,0.011314138,0.94050705,0.6504517,0.91727847,0.98556095,0.021859799,0.19334994,0.63122827,0.2460739,0.03771012,0.9933755,0.5219635,0.99651176,0.9666081,0.037105687,0.0062494003,0.98195523,0.8038497,0.07288364,0.18867387,0.8141241,0.01997504,0.067154944,0.09966212,0.22206101,0.8202699,0.9955368
4.5,0.0789728,0.8620185,0.6273868,0.022285977,0.26455393,0.6264861,0.05381714,0.025958946,0.012225833,0.2998549,0.40553507,0.2138095,0.20702168,0.06497942,0.048271764,0.034310177,0.061959628,0.58384454,0.18044601,0.057629466,0.059827417,0.04506393,0.053992614,0.0049785264,0.94645023,0.50831765,0.029267358,0.1416892,0.056419406,0.014628125,0.6410767,0.022031283,0.027037077,0.19327669,0.3427726,0.5128562,0.07574406,0.04863718,0.004041811,0.15144163,0.021255603,0.0513663,0.09470913,0.25880638,0.04252652,0.040163126,0.0056566945,0.017153218,0.016102066,0.44340533
7.5,0.5360995,0.858798,0.56212014,0.02723544,0.33917895,0.7308618,0.051010117,0.05842115,0.0132463155,0.45608783,0.26015633,0.27301428,0.18426013,0.20043045,0.038167007,0.07322139,0.14364633,0.75775504,0.37913063,0.16874558,0.15824057,0.03862886,0.070052154,0.0032058961,0.92040634,0.18424654,0.073805735,0.38022152,0.047746733,0.040822826,0.6403272,0.09261963,0.06420809,0.49911216,0.3170539,0.49370587,0.20450564,0.03923392,0.0050606704,0.33916026,0.045978922,0.058967292,0.25259513,0.23588642,0.034275137,0.04093132,0.043218832,0.040340297,0.035741776,0.45291528
10.5,0.047226846,0.89394933,0.37232733,0.40512323,0.4147488,0.803429,0.481608,0.009050353,0.072199084,0.3246055,0.48546034,0.6387466,0.22505349,0.0073296134,0.36958805,0.010992612,0.31998268,0.09974751,0.0037941243,0.004829749,0.007678232,0.13390025,0.11193065,0.00780117,0.6018551,0.29307368,0.008664387,0.0048401677,0.13695103,0.009967337,0.25562263,0.16613752,0.017128356,0.004620485,0.39579248,0.1039099,0.009596056,0.18641597,0.031192565,0.005601134,0.008073073,0.33262113,0.19259028,0.1386483,0.092168435,0.20710634,0.0020396584,0.0039488184,0.006019569,0.08028334
13.5,0.010748808,0.8971122,0.4282949,0.16071373,0.40521193,0.70262873,0.3044065,0.003463611,0.023718579,0.10776501,0.7084873,0.3953141,0.35094854,0.029541302,0.27088112,0.045169953,0.3074636,0.47510952,0.01336743,0.020579556,0.029569214,0.07695655,0.06996649,0.006473428,0.73916256,0.66257125,0.032586895,0.010486299,0.079190694,0.007643718,0.32125935,0.06607571,0.0047078114,0.012751393,0.39521816,0.6336047,0.02937448,0.22435912,0.010793534,0.012831309,0.025043752,0.14762083,0.08537126,0.14193228,0.060459413,0.22734913,0.0011218976,0.0019669018,0.019485725,0.5211384
16.5,0.008097126,0.99029595,0.3411864,0.31481186,0.65088344,0.5234664,0.33147514,0.0028265046,0.06397534,0.495158,0.339761,0.344986,0.76135844,0.009954608,0.25365195,0.009781215,0.07624943,0.374539,0.01236208,0.006944607,0.0102164,0.10301909,0.4202252,0.0060115396,0.529247,0.3476237,0.0062035522,0.010809808,0.10351417,0.004678415,0.23249854,0.026675586,0.020895956,0.010240025,0.8791041,0.38306862,0.011708228,0.093013585,0.03249746,0.012951421,0.0054803244,0.15646265,0.18695112,0.6832807,0.070518486,0.12488611,0.0013585349,0.0028586835,0.0047918456,0.34879044
19.5,0.18383923,0.9817963,0.53730804,0.002552131,0.7371813,0.5839318,0.0057463353,0.0051846686,0.009641162,0.2141472,0.10759162,0.09315433,0.78686154,0.17588185,0.0047456883,0.0692768,0.47302723,0.9366931,0.39088696,0.13973108,0.12881964,0.040549517,0.5506687,0.002220655,0.85909677,0.74374914,0.06511219,0.32075274,0.047444478,0.0069043776,0.4469154,0.3764317,0.099412434,0.41751435,0.8231584,0.832451,0.14254041,0.018199334,0.0015968856,0.26716188,0.029761538,0.0366866,0.33547276,0.87246436,0.041766316,0.023183962,0.033734784,0.0089415675,0.028085047,0.79416984
22.5,0.03895,0.9866332,0.42941368,0.034402635,0.7419216,0.36878532,0.061036505,0.0017189803,0.03647013,0.26058415,0.19620521,0.11268355,0.68556154,0.007231928,0.050636526,0.006618358,0.12872057,0.38670167,0.012709609,0.005801443,0.00646617,0.077412285,0.43752915,0.0019726248,0.79317594,0.7007595,0.0051426208,0.012175123,0.087669216,0.0019773713,0.36647254,0.072375745,0.03779856,0.012622453,0.828197,0.19448428,0.008857986,0.038713742,0.005358107,0.012884799,0.0037164306,0.041648164,0.30174348,0.60516304,0.06811751,0.037324008,0.0024521938,0.0021268404,0.0029263322,0.16972181
25.5,0.116230085,0.9812981,0.49838412,0.02863322,0.85753906,0.51789135,0.039485194,0.0030086737,0.024719251,0.22030695,0.20283417,0.20644055,0.8790884,0.085893296,0.030971436,0.12223206,0.5305461,0.82756567,0.0574262,0.060738664,0.061438374,0.06398808,0.6089532,0.0036804103,0.6831397,0.78331596,0.10622625,0.059336588,0.07256636,0.007865576,0.33402058,0.4214894,0.047489237,0.075270176,0.7920755,0.58516115,0.08311781,0.052270316,0.0053617167,0.05611022,0.06885968,0.08796692,0.45992202,0.86519,0.059352912,0.05791315,0.014568894,0.0044075847,0.05647659,0.52070785
28.5,0.03057248,0.9876272,0.36022863,0.09258773,0.6601959,0.27797547,0.115753375,0.0020307,0.03831309,0.6387163,0.14009652,0.12090346,0.5060473,0.011956771,0.087727584,0.0057264855,0.16960606,0.40328628,0.027419219,0.007944658,0.012336083,0.08542344,0.5810327,0.005662023,0.47697762,0.3382905,0.0036330805,0.023868755,0.086449966,0.003165997,0.19474056,0.15906972,0.049800877,0.025970176,0.84677833,0.27354738,0.0120537225,0.036080044,0.014066761,0.023235144,0.0028365487,0.056169648,0.32087407,0.49834374,0.059676893,0.07470508,0.003603399,0.002009268,0.0026237685,0.23638405
31.5,0.00773196,0.98936987,0.2911785,0.05094672,0.71561444,0.6781648,0.07671946,0.00092383346,0.03752688,0.24186997,0.15191998,0.25303087,0.7799197,0.035118386,0.06373334,0.02069869,0.6437919,0.73104936,0.048664946,0.02550524,0.033539828,0.06803138,0.44190517,0.0063197133,0.3775428,0.7458141,0.011812158,0.035617836,0.065387875,0.0051943804,0.14316645,0.35142225,0.014224358,0.03723023,0.8638693,0.7824002,0.02417361,0.05748116,0.011330546,0.03764605,0.008111685,0.1433977,0.1758618,0.60889226,0.050764404,0.093900256,0.0032864283,0.0011966228,0.0069447258,0.70026153
34.5,0.46828058,0.9894907,0.51859117,0.0064887423,0.764383,0.30866787,0.010324083,0.00423461,0.028726302,0.88880444,0.036978282,0.052744098,0.38054568,0.074910976,0.009096192,0.02311402,0.6074937,0.6922109,0.13167524,0.05552864,0.05230713,0.060353365,0.804151,0.0053310595,0.5990221,0.38458502,0.0172626,0.13318273,0.06679623,0.01184205,0.31546736,0.81372446,0.19394556,0.15954752,0.8592485,0.5605804,0.035760406,0.016161596,0.004350587,0.105179474,0.0120114125,0.027151112,0.7046052,0.5336279,0.048231814,0.017918032,0.04549482,0.0044597974,0.009649502,0.48681888
37.5,0.35669878,0.8740819,0.63166076,0.02388068,0.56484467,0.7623511,0.048083205,0.013876881,0.012960323,0.1527501,0.28701225,0.33299232,0.2029487,0.029250681,0.04006267,0.015162808,0.38015065,0.19447148,0.054618828,0.021110786,0.031008448,0.07495138,0.14886548,0.0056723733,0.7946855,0.46220058,0.012794469,0.063868135,0.096143514,0.008083916,0.39289963,0.32747427,0.035285972,0.06445367,0.32693237,0.2392852,0.030945186,0.046114985,0.0027676416,0.056187533,0.009631477,0.11598563,0.22877589,0.3136477,0.07951482,0.0667543,0.012165311,0.008784845,0.007916835,0.19320193
40.5,0.09469332,0.7919437,0.6189409,0.15543447,0.2329551,0.8166552,0.24452962,0.017485145,0.026541682,0.35674372,0.59670264,0.5438541,0.13228825,0.038970016,0.19711573,0.04533194,0.19096707,0.32942438,0.033156805,0.029948818,0.036415037,0.07339512,0.027264446,0.005353087,0.9002682,0.3611483,0.03999423,0.036410708,0.09055506,0.01722204,0.5603956,0.07630299,0.01882577,0.040666554,0.23409764,0.35738128,0.047873493,0.16438873,0.013824068,0.040216826,0.032851283,0.20828956,0.10191465,0.15592024,0.068790466,0.10318422,0.0034945183,0.008728304,0.02433676,0.29156244
43.5,0.2047307,0.93013185,0.5354596,0.042737156,0.6489145,0.6348054,0.083369136,0.011847011,0.019397985,0.2109468,0.36848724,0.2413264,0.52749664,0.074341744,0.07684528,0.046590813,0.296579,0.47852445,0.06964038,0.055868585,0.064797066,0.067916065,0.18273874,0.0049864273,0.6778719,0.4558507,0.040679857,0.07791031,0.07658576,0.016940711,0.40721154,0.1596461,0.020261046,0.09080434,0.49666175,0.34539413,0.073754966,0.080043055,0.004239171,0.07366488,0.027560228,0.06695453,0.20037831,0.39468056,0.054549504,0.08146871,0.020849051,0.007235664,0.02401069,0.28755358
46.5,0.0469482,0.9333161,0.46068463,0.43763003,0.34239808,0.5563828,0.51897216,0.016849438,0.02294973,0.31707484,0.51639867,0.46170136,0.16011827,0.038557354,0.39473855,0.02136435,0.1120958,0.43693337,0.064722046,0.027390877,0.040408887,0.08672864,0.19128373,0.012925375,0.6388413,0.33473724,0.014891148,0.06050732,0.09265476,0.020467646,0.31096822,0.053589348,0.016929818,0.06733403,0.51792294,0.36668208,0.04688229,0.124294475,0.025479002,0.066436656,0.013833861,0.16244145,0.16423632,0.15972836,0.060908053,0.23381253,0.0043272288,0.0076641766,0.0127198575,0.30444402
49.5,0.015866568,0.93122286,0.5992268,0.46194702,0.34696668,0.75048864,0.59066254,0.0038689752,0.023897758,0.44148415,0.78955865,0.65825677,0.25063413,0.019431354,0.5155965,0.028076438,0.5242168,0.3340761,0.015452238,0.012881227,0.01934182,0.11746703,0.12630427,0.0076944823,0.83685136,0.7235238,0.022710929,0.016782522,0.12945226,0.011584895,0.45754838,0.2809691,0.018853322,0.016988846,0.5124579,0.44975948,0.026447276,0.3892778,0.045298986,0.017991802,0.0216233,0.36998954,0.18828763,0.3175436,0.09398589,0.2932632,0.0011586105,0.0018243827,0.016254272,0.37215912
52.5,0.0777081,0.9972536,0.5329153,0.1314294,0.83829397,0.17321633,0.16141142,0.0024461637,0.04165311,0.6306362,0.2891875,0.09718816,0.7052228,0.007675075,0.11778505,0.00520043,0.15478899,0.48081896,0.019012336,0.005205907,0.006309095,0.1305428,0.93919396,0.004381371,0.7674911,0.72838885,0.0036749628,0.019569898,0.14682892,0.0025473575,0.412029,0.2196265,0.10268694,0.017319545,0.958931,0.20660912,0.008321923,0.06754322,0.014537135,0.01779906,0.003577648,0.040592898,0.6926507,0.8080553,0.1010501,0.06906671,0.003998855,0.0046305005,0.0032303145,0.18182285
55.5,0.03361183,0.9997774,0.43228483,0.0005602166,0.9584169,0.042258944,0.0016035478,0.00052239484,0.03847741,0.7274139,0.032052413,0.0049634553,0.989636,0.06259464,0.0022112,0.2892121,0.025909837,0.9796086,0.015732465,0.064836286,0.038174536,0.054903597,0.973569,0.00105365,0.81743157,0.99114406,0.21908891,0.0077632824,0.06165709,0.0031707499,0.5464628,0.012409611,0.12391375,0.012385162,0.996807,0.8498146,0.026370624,0.009539149,0.00083361537,0.0069863135,0.16389027,0.0022446455,0.61086035,0.97479486,0.045331184,0.0039271726,0.011822069,0.0013478198,0.116523,0.7525288
58.5,0.14637908,0.99535155,0.48669788,0.00583047,0.802617,0.08843334,0.016969632,0.005295242,0.014880248,0.4942819,0.15597339,0.018974565,0.7827342,0.18656363,0.02041001,0.28211778,0.018912613,0.9440372,0.08664963,0.17181553,0.14580561,0.047592428,0.66287035,0.0025078845,0.7841537,0.7405735,0.20872214,0.0510003,0.054784443,0.015740449,0.52950126,0.0075990297,0.025300425,0.07829899,0.9396423,0.82755965,0.09845997,0.025132418,0.0014252199,0.0485389,0.1702209,0.0038938904,0.29893538,0.5575726,0.036840335,0.021016385,0.022724014,0.005627153,0.1327746,0.73611534
61.5,0.28758106,0.9874248,0.3411236,0.0070696636,0.82907933,0.08914995,0.021738693,0.0029881045,0.027361998,0.7221793,0.08029998,0.017081706,0.7472923,0.12766707,0.026585171,0.21036424,0.028873634,0.7926219,0.023429165,0.11790327,0.08808446,0.057331473,0.42074054,0.0018383125,0.35711244,0.38060898,0.14339285,0.01674164,0.055772666,0.021194648,0.31750396,0.015055733,0.019290492,0.030320667,0.8374675,0.43547648,0.045509793,0.027389873,0.0026483121,0.016998196,0.104307756,0.004277272,0.39580384,0.21029279,0.032118008,0.017750734,0.040749773,0.002314831,0.07376918,0.30558008
64.5,0.042736065,0.99637336,0.20282471,0.034112725,0.7703693,0.06640065,0.046227902,0.0009163914,0.060182676,0.943421,0.025190482,0.029955395,0.72150797,0.054841306,0.036288057,0.085111946,0.034283273,0.78338724,0.023972254,0.05087983,0.045565106,0.056360006,0.68734336,0.002684346,0.17665197,0.27436244,0.05452172,0.017860662,0.050799467,0.014222725,0.16878612,0.021906354,0.06492105,0.032919526,0.9484408,0.27953008,0.031717584,0.015610266,0.018629672,0.017899413,0.03637291,0.012053234,0.37193874,0.26371455,0.027006023,0.020538567,0.01634193,0.0007292472,0.024659252,0.19994149
67.5,0.0062129046,0.9963169,0.20969771,0.27671623,0.6737023,0.09008458,0.38675067,0.003283688,0.113663964,0.9903351,0.10825093,0.077362105,0.81295204,0.009371844,0.39332804,0.0143905645,0.0034975302,0.25570893,0.0060258834,0.008761235,0.009611767,0.12610886,0.22759932,0.0110786045,0.1359653,0.09460154,0.007371727,0.0046441355,0.10562437,0.0149974795,0.14759931,0.0015552294,0.04124693,0.006408085,0.9491884,0.13431051,0.0067593385,0.07035532,0.060313873,0.006444633,0.0082714455,0.025215846,0.19564869,0.40435678,0.045877967,0.06467947,0.0053416695,0.0013450031,0.0052668946,0.10262832
70.5,0.24993534,0.9995426,0.3133763,0.00047717287,0.93720394,0.25702626,0.0013023999,0.0067728325,0.07400251,0.99370474,0.005346855,0.012773418,0.99386084,0.2331898,0.0021280532,0.47101894,0.014194508,0.93289626,0.041455325,0.28089458,0.13959728,0.04638643,0.7756841,0.0031840648,0.14566489,0.7433411,0.34891185,0.02931929,0.04153466,0.047846254,0.22452159,0.00529298,0.21405512,0.045122378,0.99248016,0.731198,0.055650022,0.007358793,0.002133772,0.024081333,0.28474507,0.005597107,0.6477245,0.96586853,0.02013675,0.0024672316,0.13984188,0.0058375164,0.18017995,0.6034937
73.5,0.03061362,0.99973315,0.09474324,7.785766e-05,0.9449954,0.17778103,0.00016933483,0.00058378733,0.41582212,0.99232423,0.00094257237,0.0043587154,0.96895915,0.012447103,0.00024667647,0.041544527,0.058439292,0.5394706,0.0025354174,0.013000064,0.011863898,0.0583509,0.909712,0.0036428876,0.11423017,0.6906467,0.022743942,0.0012703513,0.053775746,0.0029120604,0.08462866,0.03352159,0.2118567,0.0018377361,0.995977,0.5552163,0.0020796943,0.0020328842,0.0014583213,0.0011322976,0.016797101,0.0037761289,0.4096132,0.83505785,0.03250446,0.0009769477,0.02414431,0.00086675864,0.0062966826,0.38222492
76.5,0.107668854,0.99993014,0.14512365,0.00025167174,0.9572825,0.061274827,0.00033755804,0.0017120505,0.434805,0.99724436,0.001042599,0.0038457245,0.97661644,0.012014117,0.00047323183,0.068816766,0.004733322,0.7466316,0.0021381767,0.012907538,0.009036922,0.08848259,0.98028815,0.0033575497,0.17129909,0.64269406,0.037698623,0.001100047,0.07878084,0.006226241,0.1590793,0.004713754,0.50961316,0.0015806358,0.99899036,0.4703928,0.002039641,0.0019750174,0.002313982,0.0009526218,0.0343754,0.0030166367,0.668046,0.92779815,0.04118246,0.00073682086,0.05826273,0.0021859892,0.015416097,0.32315361
79.5,0.01933559,0.9997974,0.10133588,0.0038364448,0.93569076,0.12848367,0.0044165477,0.0004265991,0.2598145,0.9971072,0.0031517565,0.017777167,0.9749834,0.07533745,0.004736423,0.30050486,0.0869934,0.96046424,0.008731387,0.073923126,0.05159483,0.06462147,0.9384257,0.0057558184,0.076464534,0.2566631,0.18535843,0.0047023674,0.050998397,0.011780751,0.08307173,0.06347856,0.24169545,0.009022406,0.9971432,0.8671532,0.01652999,0.007975935,0.018483594,0.0047358293,0.13061029,0.013874707,0.7205364,0.8501141,0.030862499,0.0063925358,0.01655858,0.000794479,0.070452504,0.79839647
82.5,0.008461326,0.99997866,0.032496516,0.0032797656,0.9821774,0.009287749,0.003102107,0.0001592819,0.60890067,0.99581087,0.000368758,0.0028291645,0.99489814,0.0018903939,0.0030922163,0.009548903,0.001635912,0.6768089,0.0009255127,0.0022373132,0.0018443501,0.13935716,0.9760066,0.0022876628,0.03061897,0.4152486,0.0041563604,0.0004949237,0.11670077,0.0014143558,0.033991925,0.0018254075,0.41980693,0.0007595439,0.9996871,0.14296935,0.00061710185,0.0014028803,0.017970417,0.0006006251,0.0032597447,0.0026594894,0.55743223,0.9490608,0.060948726,0.0020286196,0.04754842,0.00029331268,0.0016559976,0.1104043
85.5,0.0466585,0.99930835,0.1180593,0.0005672624,0.9260748,0.0961351,0.00082530704,0.0020806151,0.40866423,0.9992077,0.00087146024,0.006075621,0.97527,0.019769823,0.0014344286,0.071571775,0.044020135,0.24549192,0.0031882839,0.020011308,0.014869269,0.079904646,0.85853744,0.017209744,0.025089273,0.2843799,0.042171836,0.002348718,0.06390019,0.016273567,0.049819574,0.045592375,0.38079944,0.0033131985,0.9912282,0.13643739,0.0037708518,0.0036004027,0.008062304,0.0019954722,0.03501376,0.00501196,0.31933117,0.8976084,0.028469844,0.0015766803,0.069021076,0.00085450104,0.014033285,0.085461825
88.5,0.106597774,0.99894124,0.10590737,0.0008272463,0.9412794,0.20254512,0.0011096833,0.00813239,0.44907558,0.9931837,0.0022804108,0.01366346,0.96881926,0.009807686,0.001597208,0.01887656,0.044477798,0.08640036,0.004400303,0.008816725,0.010691336,0.10481462,0.8785524,0.04014583,0.02522115,0.4471879,0.011653707,0.003964011,0.09245416,0.009936334,0.037183605,0.04703062,0.3228665,0.004290778,0.9875402,0.06917018,0.0029161796,0.0047579105,0.0042727864,0.002579343,0.010097032,0.008293523,0.29664722,0.92810714,0.044609714,0.0029946934,0.09014589,0.0038527362,0.0047143693,0.04102834
91.5,0.3462225,0.9852513,0.11837883,0.0012201024,0.7369372,0.17788333,0.0038034837,0.03412147,0.27011293,0.9977264,0.0051016696,0.015134948,0.8641825,0.097333364,0.00749438,0.29262897,0.02969535,0.059468046,0.009404589,0.11003192,0.084510565,0.06371935,0.44509256,0.07069392,0.010711777,0.399231,0.21895522,0.008911257,0.050532147,0.2711191,0.057530355,0.013499634,0.07474664,0.014376955,0.8647049,0.056564923,0.017945036,0.015658032,0.0054801265,0.005965837,0.20301409,0.004110997,0.14411564,0.2595277,0.019341866,0.003227656,0.42037976,0.0022103186,0.069194406,0.025948884
94.5,0.077374496,0.9697291,0.023340167,0.016848404,0.84644103,0.050253015,0.015258282,0.03729558,0.66576666,0.9262646,0.00445832,0.010732873,0.94059765,0.032744855,0.018918501,0.12021469,0.058979873,0.067024805,0.0058367527,0.028291943,0.031774014,0.07480611,0.64046824,0.18976852,0.0040025017,0.10244275,0.08694947,0.0051688147,0.05982804,0.057591345,0.009360537,0.027077716,0.026353613,0.0061168154,0.8099749,0.035393536,0.009693772,0.009762464,0.023036174,0.00423803,0.059457388,0.004354852,0.03916674,0.39749345,0.026825368,0.014512702,0.17657006,0.0076309717,0.031083135,0.025811879
97.5,0.04681535,0.9233508,0.032791674,0.015665589,0.72418195,0.20156357,0.016151736,0.10870317,0.68410254,0.9770438,0.020904262,0.028925998,0.95939505,0.354436,0.023861647,0.72756296,0.72474086,0.15668441,0.047984798,0.3157671,0.28110808,0.05620018,0.82588524,0.7546562,0.0044956044,0.40389514,0.707145,0.048977505,0.041897886,0.29502138,0.012360584,0.49170458,0.029184263,0.047410708,0.68606305,0.35358125,0.092250265,0.05412674,0.06756712,0.025750598,0.6303823,0.011225893,0.060386322,0.64839965,0.020483496,0.024096143,0.060368225,0.03372931,0.38405263,0.267443
100.5,0.05027978,0.20508729,0.033144604,0.47792393,0.099622816,0.42484492,0.41449803,0.9150868,0.5589623,0.6535336,0.18616872,0.19989742,0.45824924,0.8760671,0.40068567,0.86296016,0.2650826,0.12463618,0.7663937,0.8508383,0.86966383,0.04385144,0.29446086,0.98026514,0.0024321782,0.39538744,0.8311045,0.757847,0.033391215,0.9236845,0.008285817,0.049768012,0.0036785896,0.6945282,0.077615604,0.39270204,0.6552815,0.1305446,0.26476526,0.5790378,0.83010733,0.03483741,0.0038605162,0.0986602,0.014280745,0.17253214,0.08869081,0.42366275,0.71521926,0.32190213
103.5,0.10558904,0.4256516,0.027065407,0.04330402,0.27308747,0.33063838,0.056488145,0.8093699,0.40095887,0.4657082,0.07109007,0.06641083,0.7973736,0.9870746,0.07784132,0.98928785,0.7290547,0.8320877,0.927068,0.9879061,0.9824613,0.020151498,0.49449003,0.9732519,0.0021747882,0.69042087,0.9863106,0.89520264,0.016234614,0.96679336,0.008190373,0.21084453,0.0026750586,0.9026665,0.18648244,0.9332071,0.88503176,0.072189614,0.09907828,0.77756196,0.97911626,0.011439193,0.0074849576,0.15038428,0.008286628,0.06670668,0.32195935,0.24281062,0.95664895,0.89527094
106.5,0.034329858,0.4008866,0.021255871,0.5120857,0.15489876,0.3713525,0.3686521,0.8958525,0.5534088,0.22952111,0.14254242,0.21422541,0.63168573,0.8986482,0.33574033,0.9422258,0.23411186,0.47717464,0.7907728,0.8987796,0.89361966,0.029243223,0.56976604,0.97944266,0.0033052452,0.6733712,0.923356,0.7268444,0.024511555,0.9287269,0.0072065564,0.021807978,0.0026396334,0.6655088,0.19030398,0.76005894,0.68451744,0.071604796,0.32466796,0.5396525,0.9174017,0.038462557,0.00423487,0.115230806,0.013261371,0.14265753,0.04723423,0.4579505,0.84853506,0.69033796
109.5,0.05108999,0.28510195,0.031053586,0.1365453,0.286671,0.42634854,0.17831145,0.71581674,0.27634826,0.09456848,0.2242092,0.14187129,0.81058437,0.96085477,0.22200613,0.98149616,0.8819006,0.6991981,0.6886879,0.96143633,0.9537486,0.026140995,0.4933542,0.97322494,0.002237754,0.7062014,0.97437704,0.5979922,0.019924825,0.92524666,0.005951892,0.3310397,0.0008834802,0.57212824,0.107880145,0.927229,0.73984796,0.16488919,0.10162189,0.38085967,0.9634332,0.02560365,0.006778211,0.11322735,0.012467095,0.17852269,0.105101995,0.14768347,0.93678874,0.8902897
112.5,0.0654839,0.15105715,0.012226984,0.4246988,0.08206574,0.5848154,0.26512602,0.98218715,0.7757807,0.6061675,0.06303898,0.2242901,0.36151665,0.78793097,0.21820773,0.6538071,0.11626166,0.06993678,0.77366364,0.76687545,0.82428384,0.03833881,0.22288743,0.9921301,0.0012220406,0.069866754,0.5776002,0.72542834,0.027619058,0.92687315,0.0030906997,0.017040411,0.0030037316,0.66372305,0.06567564,0.3856126,0.4481025,0.038471498,0.2544094,0.5414711,0.5440064,0.041844167,0.0023133536,0.049270075,0.013089164,0.13161975,0.11139194,0.80425084,0.4172798,0.34514493
115.5,0.11139904,0.12988642,0.021351146,0.09694613,0.1217651,0.6271825,0.09678754,0.98165154,0.44467175,0.627318,0.062389724,0.12771611,0.5075307,0.9822197,0.11166185,0.93007326,0.6910444,0.43054983,0.9740156,0.98184514,0.981267,0.017464465,0.15708621,0.99520797,0.0010825235,0.13498762,0.8971921,0.96156317,0.012501049,0.9696167,0.0035860226,0.20133035,0.0032254695,0.9574716,0.047852036,0.9176032,0.8614886,0.046919726,0.12124663,0.90123713,0.8642921,0.023279462,0.0032084847,0.07298725,0.0059763743,0.11929103,0.2177051,0.7887446,0.7961091,0.88231444
118.5,0.18730313,0.04766318,0.010944288,0.30784813,0.08698792,0.504652,0.26469398,0.9606887,0.62268853,0.42309746,0.043930013,0.1945351,0.17414883,0.72320175,0.26130116,0.531799,0.33846268,0.013834727,0.68198067,0.7292959,0.76458156,0.03840923,0.097308934,0.98655754,0.0006591599,0.07792047,0.47562274,0.67445374,0.029079156,0.94587576,0.0023531634,0.06748381,0.002252967,0.63337886,0.017623896,0.11363736,0.35301632,0.03725261,0.21162733,0.51144767,0.4415387,0.032104988,0.00133593,0.008694838,0.013016152,0.12667933,0.37239262,0.38886967,0.2603851,0.093794696
121.5,0.04083831,0.0040165186,0.03166517,0.8862856,0.016301468,0.7919277,0.8817755,0.97033197,0.37673482,0.17426488,0.65290886,0.6057189,0.042127848,0.79922795,0.8670265,0.69748807,0.68150866,0.00859713,0.6140031,0.7448767,0.82661647,0.04525578,0.0056326175,0.9892508,0.0024420691,0.13846876,0.63812536,0.6413865,0.034374047,0.95072293,0.0053349477,0.14873423,0.0004460255,0.51139915,0.0014181174,0.21744764,0.5638163,0.37522128,0.4236014,0.4509588,0.649638,0.13625364,0.00044169708,0.003502766,0.015255574,0.58341366,0.017003806,0.42037266,0.5275464,0.16102709
124.5,0.041985303,0.01780222,0.025039962,0.8040362,0.02458501,0.5969896,0.78511864,0.93162274,0.4271053,0.112312354,0.5327169,0.44086787,0.061570723,0.8639211,0.762229,0.8353132,0.5796062,0.054254934,0.71055704,0.84110147,0.8822508,0.032939512,0.03645435,0.98787445,0.0027698812,0.2098158,0.7813093,0.6573592,0.027956864,0.9506466,0.0059732557,0.07865972,0.00053638755,0.57145315,0.006390561,0.5508237,0.56904566,0.28565165,0.4229143,0.480321,0.7918282,0.0752444,0.00083117525,0.0044857753,0.014144266,0.4247904,0.029092371,0.3070679,0.66293126,0.47269735
127.5,0.15684648,0.0100602005,0.037259668,0.712694,0.02258483,0.8527989,0.7107933,0.97988063,0.3502084,0.3042528,0.5788463,0.60770017,0.038848802,0.9765053,0.66981924,0.96251124,0.8891261,0.15902427,0.92574453,0.97116685,0.97614926,0.031030994,0.037615098,0.99448013,0.003511373,0.2537553,0.957678,0.9177341,0.025409458,0.97965884,0.007822514,0.44166544,0.0012429901,0.9031718,0.0041258214,0.7713855,0.88836956,0.3478929,0.37681744,0.8212083,0.9540408,0.13576895,0.0023671528,0.005223821,0.012129102,0.5128892,0.045535766,0.6789504,0.9177826,0.7112224
130.5,0.102423504,0.16266134,0.05106852,0.7785554,0.060320098,0.83768755,0.668859,0.9887304,0.345658,0.31917912,0.28448784,0.64232755,0.11338168,0.88478804,0.53656125,0.5319484,0.27489862,0.26767695,0.95137584,0.85914123,0.9039731,0.03483114,0.20403095,0.98928666,0.004843193,0.056527514,0.41048503,0.94175696,0.028422058,0.96342003,0.008353835,0.055020045,0.0030577644,0.9188101,0.059831515,0.75948024,0.6944325,0.084702864,0.35366026,0.8640912,0.41734695,0.16008592,0.0042416495,0.03412899,0.015265097,0.32190117,0.079833314,0.8722062,0.35838392,0.6956639
133.5,0.2482143,0.9898887,0.030428138,0.015337462,0.90775007,0.5045734,0.011402616,0.34949055,0.6960959,0.84457994,0.0016148323,0.07895648,0.97861016,0.040681086,0.0073067304,0.017479444,0.30870786,0.1799198,0.06842482,0.035543393,0.03912145,0.09335315,0.9195718,0.3395033,0.005911203,0.47050288,0.012168703,0.08503621,0.06926912,0.118139,0.00855433,0.34318808,0.19714597,0.06496117,0.9297379,0.060206007,0.016406571,0.004080755,0.024193877,0.05024036,0.0073549133,0.039489422,0.20663261,0.8917009,0.029034514,0.017803472,0.75227326,0.15378141,0.0058655604,0.051032923
136.5,0.039375674,0.9793403,0.01756206,0.059467655,0.49236768,0.19220547,0.029091755,0.41108644,0.86503077,0.96936035,0.0034860568,0.043733694,0.69035816,0.17058809,0.023168124,0.124858625,0.023556197,0.15438803,0.19127598,0.16325457,0.1874086,0.05537233,0.8771741,0.79915357,0.004053668,0.16509525,0.07357975,0.14107597,0.042335045,0.5349025,0.010122267,0.00969944,0.033590373,0.12984115,0.8935149,0.24407057,0.041926693,0.0054438165,0.12599611,0.08398649,0.07087082,0.011451629,0.025167115,0.17859678,0.01833718,0.010603635,0.12904483,0.10591888,0.032511793,0.17145294
139.5,0.12589964,0.57372683,0.07982719,0.8743261,0.18517843,0.9745429,0.74665564,0.94966364,0.3185895,0.493127,0.20765483,0.9122254,0.15471065,0.20812856,0.5075826,0.024965266,0.8800327,0.06845398,0.7600774,0.15190715,0.28066605,0.09665448,0.693429,0.97247905,0.012617604,0.11088899,0.017588215,0.81325924,0.07525594,0.5751886,0.010096317,0.77928495,0.023316186,0.6800508,0.25445035,0.33288595,0.16997781,0.07392101,0.34843722,0.6698937,0.017693924,0.66177404,0.037343662,0.18875223,0.041260365,0.58095616,0.060886566,0.7912217,0.018564826,0.32889047
142.5,0.8832051,0.13860554,0.070105605,0.19291756,0.12787324,0.9455397,0.067411005,0.97544724,0.46869534,0.087040804,0.038430132,0.5433842,0.019624595,0.13842557,0.02618442,0.013826961,0.43137065,0.06527779,0.46597236,0.07572188,0.15789345,0.05777349,0.07335736,0.7784123,0.031380385,0.009437056,0.009756884,0.4737791,0.053047005,0.13853297,0.010077615,0.46129996,0.069004945,0.34682357,0.029235989,0.29205778,0.05772312,0.012121809,0.028795745,0.28882357,0.007159934,0.28706065,0.046195116,0.044487838,0.038044147,0.17007762,0.13358302,0.94453657,0.010780488,0.29715765
145.5,0.5495873,0.77074033,0.247448,0.24789765,0.33980238,0.7930118,0.123365685,0.9408498,0.17156753,0.23992194,0.099439114,0.45243752,0.43760297,0.33235753,0.068184,0.06657686,0.032484163,0.28828967,0.7622075,0.23303874,0.31308153,0.054926246,0.28656268,0.6584648,0.05134856,0.08964936,0.04123355,0.7951898,0.056066938,0.32895222,0.03591441,0.02309023,0.13526753,0.6828297,0.35710573,0.35039514,0.21619698,0.01882669,0.03844602,0.61498255,0.037185904,0.1462894,0.062184297,0.7690397,0.032098304,0.08333029,0.08636422,0.85757875,0.044493787,0.32623747
148.5,0.63140625,0.99221283,0.82600695,0.00719344,0.7986972,0.06474952,0.01829476,0.16340798,0.007087966,0.4196368,0.28730902,0.01953496,0.6654379,0.1923093,0.0138972625,0.13980654,0.1313471,0.9936724,0.34472924,0.17663999,0.08420367,0.03980053,0.9898726,0.013465044,0.9983292,0.72024643,0.14116132,0.31984183,0.058058765,0.022853596,0.9102197,0.39118412,0.48707142,0.3739103,0.9240174,0.9263944,0.14214593,0.015331644,0.0014650724,0.22834654,0.082001396,0.0041910186,0.9480952,0.6998504,0.04641563,0.013623834,0.027197622,0.3486675,0.08321941,0.9166352
151.5,0.8571868,0.99479586,0.74380934,0.023860192,0.7286106,0.08547754,0.046238728,0.30561864,0.019928508,0.904525,0.32194012,0.032775287,0.64086574,0.4397135,0.024749985,0.5146296,0.33975136,0.9986873,0.22066416,0.40888214,0.18526179,0.03827766,0.99535346,0.036350366,0.9981236,0.66354996,0.5336076,0.22389783,0.0518231,0.08069586,0.8982687,0.8017548,0.66706806,0.2725262,0.94550335,0.9885821,0.23614997,0.038498938,0.0041413754,0.13268481,0.40188265,0.0071303956,0.99050343,0.70287657,0.041794382,0.020926574,0.030699924,0.5621789,0.3838864,0.9842743
